,platform,board,thread_no,header,body
0,8chan,greatawakening,452,"<input type=""checkbox"" name=""delete_452"" value="""" style=""text-align:left;float:left;display:none;margin: 1px 6px 0px 0px; ""><a href=""https://archive.is/o/0Army/https://8ch.net/greatawakening/res/452.html%23"" title=""Post menu"" style=""color:rgb(52, 52, 92);width:15px;text-align:center;font-size:10pt;opacity:0.8;text-decoration:none;display:inline-block;margin: -6px 0px 0px -5px; "" target=""_blank"">▶</a><label for=""delete_452"" style=""text-align:left;display:inline;""><span style=""text-align:left;color:rgb(17, 119, 67);font-weight:bold;"">Q
</span><span style=""text-align:left;color:rgb(34, 136, 84);"">!UW.yye1fxo</span>&nbsp;
<time title=""6 months ago"" style=""text-align:left;direction:ltr;unicode-bidi:embed;"">02/22/18 (Thu) 01:20:23</time></label>&nbsp;<a href=""https://archive.is/o/0Army/https://8ch.net/greatawakening/res/452.html%23452"" style=""text-align:left;text-decoration:none;color:inherit;margin: 0px; padding: 0px; "" target=""_blank"">No.</a><a href=""https://archive.is/o/0Army/https://8ch.net/greatawakening/res/452.html%23q452"" style=""text-align:left;text-decoration:none;color:inherit;margin: 0px; padding: 0px; "" target=""_blank"">452</a><i title=""Locked"" style=""text-align:left;display:inline-block;font:normal normal normal 14px/1 FontAwesome;text-rendering:auto;-webkit-font-smoothing:antialiased;font-size:16px;margin: 0px 4px; ""><span style=""""></span></i><a href=""https://archive.is/o/0Army/https://8ch.net/greatawakening/res/452.html%23"" style=""text-align:left;text-decoration:underline;color:rgb(52, 52, 92);cursor:pointer;margin-left:5px;"" target=""_blank"">[Watch Thread]</a><a href=""https://archive.is/o/0Army/https://8ch.net/greatawakening/res/452.html%23"" style=""text-align:left;text-decoration:underline;color:rgb(52, 52, 92);margin-left:5px;"" target=""_blank"">[Show All Posts]</a>","<div style=""text-align:left;direction:ltr;display:block;line-height:1.16em;font-size:13px;min-height:1.16em;margin: 0px; "">[2] </div><div style=""text-align:left;direction:ltr;display:block;line-height:1.16em;font-size:13px;min-height:1.16em;margin: 0px; "">Patriot</div><div style=""text-align:left;direction:ltr;display:block;line-height:1.16em;font-size:13px;min-height:1.16em;margin: 0px; "">1. a person who loves, supports, and defends his or her country and its interests with devotion.</div><div style=""text-align:left;direction:ltr;display:block;line-height:1.16em;font-size:13px;min-height:1.16em;margin: 0px; "">2. a person who regards himself or herself as a defender, especially of individual rights, against presumed interference by the federal government.</div><div style=""text-align:left;direction:ltr;display:block;line-height:1.16em;font-size:13px;min-height:1.16em;margin: 0px; "">Traitor</div><div style=""text-align:left;direction:ltr;display:block;line-height:1.16em;font-size:13px;min-height:1.16em;margin: 0px; "">1. a person who betrays another, a cause, or any trust.</div><div style=""text-align:left;direction:ltr;display:block;line-height:1.16em;font-size:13px;min-height:1.16em;margin: 0px; "">2. a person who commits treason by betraying his or her country.</div><div style=""text-align:left;direction:ltr;display:block;line-height:1.16em;font-size:13px;min-height:1.16em;margin: 0px; "">Q</div>"
1,8chan,greatawakening,452,"<a style=""text-align:left;text-decoration:underline;color:rgb(52, 52, 92);margin: 0px; "" target=""_blank""></a><input type=""checkbox"" name=""delete_455"" value="""" style=""text-align:left;float:left;display:none;margin: 1px 6px 0px 0px; ""><a href=""https://archive.is/o/0Army/https://8ch.net/greatawakening/res/452.html%23"" title=""Post menu"" style=""color:rgb(52, 52, 92);width:15px;text-align:center;font-size:10pt;opacity:0.8;text-decoration:none;display:inline-block;margin: -6px 0px 0px -5px; "" target=""_blank"">▶</a><label for=""delete_455"" style=""text-align:left;display:inline;""><span style=""text-align:left;color:rgb(17, 119, 67);font-weight:bold;"">Q
</span><span style=""text-align:left;color:rgb(34, 136, 84);"">!UW.yye1fxo</span>&nbsp;
<time title=""5 months ago"" style=""text-align:left;direction:ltr;unicode-bidi:embed;"">03/04/18 (Sun) 06:22:06</time></label>&nbsp;<a href=""https://archive.is/o/0Army/https://8ch.net/greatawakening/res/452.html%23455"" style=""text-align:left;text-decoration:none;color:inherit;margin: 0px; padding: 0px; "" target=""_blank"">No.</a><a href=""https://archive.is/o/0Army/https://8ch.net/greatawakening/res/452.html%23q455"" style=""text-align:left;text-decoration:none;color:inherit;margin: 0px; padding: 0px; "" target=""_blank"">455</a>","<div style=""text-align:left;direction:ltr;display:block;line-height:1.16em;font-size:13px;min-height:1.16em;margin: 0px; ""><a href=""https://archive.is/o/0Army/https://www.youtube.com/watch?v=G2qIXXafxCQ"" target=""_blank"" style=""text-align:left;text-decoration:underline;color:rgb(221, 0, 0);"">https://www.youtube.com/watch?v=G2qIXXafxCQ</a></div><div style=""text-align:left;direction:ltr;display:block;line-height:1.16em;font-size:13px;min-height:1.16em;margin: 0px; "">Listen carefully.</div><div style=""text-align:left;direction:ltr;display:block;line-height:1.16em;font-size:13px;min-height:1.16em;margin: 0px; "">TRUST.</div><div style=""text-align:left;direction:ltr;display:block;line-height:1.16em;font-size:13px;min-height:1.16em;margin: 0px; "">WE are FIGHTING for YOU.</div><div style=""text-align:left;direction:ltr;display:block;line-height:1.16em;font-size:13px;min-height:1.16em;margin: 0px; "">GOD BLESS YOU ALL.</div><div style=""text-align:left;direction:ltr;display:block;line-height:1.16em;font-size:13px;min-height:1.16em;margin: 0px; "">Q</div>"
2,8chan,greatawakening,452,"<a style=""text-align:left;text-decoration:underline;color:rgb(52, 52, 92);margin: 0px; "" target=""_blank""></a><input type=""checkbox"" name=""delete_462"" value="""" style=""text-align:left;float:left;display:none;margin: 1px 6px 0px 0px; ""><a href=""https://archive.is/o/0Army/https://8ch.net/greatawakening/res/452.html%23"" title=""Post menu"" style=""color:rgb(52, 52, 92);width:15px;text-align:center;font-size:10pt;opacity:0.8;text-decoration:none;display:inline-block;margin: -6px 0px 0px -5px; "" target=""_blank"">▶</a><label for=""delete_462"" style=""text-align:left;display:inline;""><span style=""text-align:left;color:rgb(17, 119, 67);font-weight:bold;"">Q
</span><span style=""text-align:left;color:rgb(34, 136, 84);"">!xowAT4Z3VQ</span>&nbsp;
<time title=""5 months ago"" style=""text-align:left;direction:ltr;unicode-bidi:embed;"">03/28/18 (Wed) 04:03:07</time></label>&nbsp;<a href=""https://archive.is/o/0Army/https://8ch.net/greatawakening/res/452.html%23462"" style=""text-align:left;text-decoration:none;color:inherit;margin: 0px; padding: 0px; "" target=""_blank"">No.</a><a href=""https://archive.is/o/0Army/https://8ch.net/greatawakening/res/452.html%23q462"" style=""text-align:left;text-decoration:none;color:inherit;margin: 0px; padding: 0px; "" target=""_blank"">462</a>","<div style=""text-align:left;direction:ltr;display:block;line-height:1.16em;font-size:13px;min-height:1.16em;margin: 0px; "">Why did Kim travel to China?</div><div style=""text-align:left;direction:ltr;display:block;line-height:1.16em;font-size:13px;min-height:1.16em;margin: 0px; "">Why was travel impossible in the past?</div><div style=""text-align:left;direction:ltr;display:block;line-height:1.16em;font-size:13px;min-height:1.16em;margin: 0px; "">What changed?</div><div style=""text-align:left;direction:ltr;display:block;line-height:1.16em;font-size:13px;min-height:1.16em;margin: 0px; "">What constitutes the need for a F2F meeting v. secured call? </div><div style=""text-align:left;direction:ltr;display:block;line-height:1.16em;font-size:13px;min-height:1.16em;margin: 0px; "">What US publicly traded co. previously entered N. Korea to establish comms? </div><div style=""text-align:left;direction:ltr;display:block;line-height:1.16em;font-size:13px;min-height:1.16em;margin: 0px; "">Think logically.</div><div style=""text-align:left;direction:ltr;display:block;line-height:1.16em;font-size:13px;min-height:1.16em;margin: 0px; "">WHY DID GOOG VISIT N KOREA?</div><div style=""text-align:left;direction:ltr;display:block;line-height:1.16em;font-size:13px;min-height:1.16em;margin: 0px; "">WHY WOULD THE FORMER CHAIRMAN &amp; CEO [HIMSELF] OF GOOG/ALPHABET PERSONALLY ATTEND?</div><div style=""text-align:left;direction:ltr;display:block;line-height:1.16em;font-size:13px;min-height:1.16em;margin: 0px; "">Who is Sergey Brin?</div><div style=""text-align:left;direction:ltr;display:block;line-height:1.16em;font-size:13px;min-height:1.16em;margin: 0px; "">Where was Sergey born? </div><div style=""text-align:left;direction:ltr;display:block;line-height:1.16em;font-size:13px;min-height:1.16em;margin: 0px; "">Track the 'FAMILY' - IMPORTANT.</div><div style=""text-align:left;direction:ltr;display:block;line-height:1.16em;font-size:13px;min-height:1.16em;margin: 0px; "">Think COLD WAR.</div><div style=""text-align:left;direction:ltr;display:block;line-height:1.16em;font-size:13px;min-height:1.16em;margin: 0px; "">Think KGB.</div><div style=""text-align:left;direction:ltr;display:block;line-height:1.16em;font-size:13px;min-height:1.16em;margin: 0px; "">US, China, N Korea [3].</div><div style=""text-align:left;direction:ltr;display:block;line-height:1.16em;font-size:13px;min-height:1.16em;margin: 0px; "">FACEBOOK data dump?</div><div style=""text-align:left;direction:ltr;display:block;line-height:1.16em;font-size:13px;min-height:1.16em;margin: 0px; "">Who made it public? </div><div style=""text-align:left;direction:ltr;display:block;line-height:1.16em;font-size:13px;min-height:1.16em;margin: 0px; "">Who sold shares -30 days from announcement?</div><div style=""text-align:left;direction:ltr;display:block;line-height:1.16em;font-size:13px;min-height:1.16em;margin: 0px; "">You can't imagine the magnitude of this.</div><div style=""text-align:left;direction:ltr;display:block;line-height:1.16em;font-size:13px;min-height:1.16em;margin: 0px; "">Constitutional CRISIS.</div><div style=""text-align:left;direction:ltr;display:block;line-height:1.16em;font-size:13px;min-height:1.16em;margin: 0px; "">Twitter coming soon.</div><div style=""text-align:left;direction:ltr;display:block;line-height:1.16em;font-size:13px;min-height:1.16em;margin: 0px; "">GOOG coming soon.</div><div style=""text-align:left;direction:ltr;display:block;line-height:1.16em;font-size:13px;min-height:1.16em;margin: 0px; "">AMAZON coming soon.</div><div style=""text-align:left;direction:ltr;display:block;line-height:1.16em;font-size:13px;min-height:1.16em;margin: 0px; "">MICROSOFT coming soon.</div><div style=""text-align:left;direction:ltr;display:block;line-height:1.16em;font-size:13px;min-height:1.16em;margin: 0px; "">+12 </div><div style=""text-align:left;direction:ltr;display:block;line-height:1.16em;font-size:13px;min-height:1.16em;margin: 0px; "">Current censorship all relates to push for power [mid-terms].</div><div style=""text-align:left;direction:ltr;display:block;line-height:1.16em;font-size:13px;min-height:1.16em;margin: 0px; "">LAST STAND.</div><div style=""text-align:left;direction:ltr;display:block;line-height:1.16em;font-size:13px;min-height:1.16em;margin: 0px; "">Election FRAUD cases OPEN - DOJ [many].</div><div style=""text-align:left;direction:ltr;display:block;line-height:1.16em;font-size:13px;min-height:1.16em;margin: 0px; "">Follow the FAMILY.</div><div style=""text-align:left;direction:ltr;display:block;line-height:1.16em;font-size:13px;min-height:1.16em;margin: 0px; "">Follow resignations [Business/Gov't].</div><div style=""text-align:left;direction:ltr;display:block;line-height:1.16em;font-size:13px;min-height:1.16em;margin: 0px; "">BIDEN/CHINA VERY IMPORTANT MARKER.</div><div style=""text-align:left;direction:ltr;display:block;line-height:1.16em;font-size:13px;min-height:1.16em;margin: 0px; "">Who made it public?</div><div style=""text-align:left;direction:ltr;display:block;line-height:1.16em;font-size:13px;min-height:1.16em;margin: 0px; "">Who really made it public?</div><div style=""text-align:left;direction:ltr;display:block;line-height:1.16em;font-size:13px;min-height:1.16em;margin: 0px; "">Who is making it all public?</div><div style=""text-align:left;direction:ltr;display:block;line-height:1.16em;font-size:13px;min-height:1.16em;margin: 0px; "">WE ARE THE GATEKEEPERS OF ALL [BY ALL WE MEAN ALL] INFORMATION.</div><div style=""text-align:left;direction:ltr;display:block;line-height:1.16em;font-size:13px;min-height:1.16em;margin: 0px; "">U1&gt;CAN&gt;EU&gt;RUSSIA&gt;IRAN&gt;NK&gt;SYRIA&gt;PAK&gt;&gt;&gt;</div><div style=""text-align:left;direction:ltr;display:block;line-height:1.16em;font-size:13px;min-height:1.16em;margin: 0px; "">IRAN NEXT.</div><div style=""text-align:left;direction:ltr;display:block;line-height:1.16em;font-size:13px;min-height:1.16em;margin: 0px; "">$700B - MILITARY [THIS YEAR].</div><div style=""text-align:left;direction:ltr;display:block;line-height:1.16em;font-size:13px;min-height:1.16em;margin: 0px; "">WHY IS THE MILITARY SO IMPORTANT?</div><div style=""text-align:left;direction:ltr;display:block;line-height:1.16em;font-size:13px;min-height:1.16em;margin: 0px; "">RE_READ ALL.</div><div style=""text-align:left;direction:ltr;display:block;line-height:1.16em;font-size:13px;min-height:1.16em;margin: 0px; "">NATIONAL SECURITY.</div><div style=""text-align:left;direction:ltr;display:block;line-height:1.16em;font-size:13px;min-height:1.16em;margin: 0px; "">NATIONAL SECURITY.</div><div style=""text-align:left;direction:ltr;display:block;line-height:1.16em;font-size:13px;min-height:1.16em;margin: 0px; "">These people are STUPID.</div><div style=""text-align:left;direction:ltr;display:block;line-height:1.16em;font-size:13px;min-height:1.16em;margin: 0px; "">Art of the Deal.</div><div style=""text-align:left;direction:ltr;display:block;line-height:1.16em;font-size:13px;min-height:1.16em;margin: 0px; "">TIDAL WAVE INCOMING.</div><div style=""text-align:left;direction:ltr;display:block;line-height:1.16em;font-size:13px;min-height:1.16em;margin: 0px; "">BUCKLE UP.</div><div style=""text-align:left;direction:ltr;display:block;line-height:1.16em;font-size:13px;min-height:1.16em;margin: 0px; "">Q</div>"
3,8chan,greatawakening,452,"<a style=""text-align:left;text-decoration:underline;color:rgb(52, 52, 92);margin: 0px; "" target=""_blank""></a><input type=""checkbox"" name=""delete_463"" value="""" style=""text-align:left;float:left;display:none;margin: 1px 6px 0px 0px; ""><a href=""https://archive.is/o/0Army/https://8ch.net/greatawakening/res/452.html%23"" title=""Post menu"" style=""color:rgb(52, 52, 92);width:15px;text-align:center;font-size:10pt;opacity:0.8;text-decoration:none;display:inline-block;margin: -6px 0px 0px -5px; "" target=""_blank"">▶</a><label for=""delete_463"" style=""text-align:left;display:inline;""><span style=""text-align:left;color:rgb(17, 119, 67);font-weight:bold;"">Q
</span><span style=""text-align:left;color:rgb(34, 136, 84);"">!xowAT4Z3VQ</span>&nbsp;
<time title=""5 months ago"" style=""text-align:left;direction:ltr;unicode-bidi:embed;"">03/28/18 (Wed) 04:06:34</time></label>&nbsp;<a href=""https://archive.is/o/0Army/https://8ch.net/greatawakening/res/452.html%23463"" style=""text-align:left;text-decoration:none;color:inherit;margin: 0px; padding: 0px; "" target=""_blank"">No.</a><a href=""https://archive.is/o/0Army/https://8ch.net/greatawakening/res/452.html%23q463"" style=""text-align:left;text-decoration:none;color:inherit;margin: 0px; padding: 0px; "" target=""_blank"">463</a>","<div style=""text-align:left;direction:ltr;display:block;line-height:1.16em;font-size:13px;min-height:1.16em;margin: 0px; "">STAY STRONG!</div><div style=""text-align:left;direction:ltr;display:block;line-height:1.16em;font-size:13px;min-height:1.16em;margin: 0px; "">STAY TOGETHER!</div><div style=""text-align:left;direction:ltr;display:block;line-height:1.16em;font-size:13px;min-height:1.16em;margin: 0px; "">WE STAND WITH YOU!</div><div style=""text-align:left;direction:ltr;display:block;line-height:1.16em;font-size:13px;min-height:1.16em;margin: 0px; "">OFFLINE FOR A REASON.</div><div style=""text-align:left;direction:ltr;display:block;line-height:1.16em;font-size:13px;min-height:1.16em;margin: 0px; "">ENJOY THE SHOW.</div><div style=""text-align:left;direction:ltr;display:block;line-height:1.16em;font-size:13px;min-height:1.16em;margin: 0px; "">Q</div>"
4,8chan,greatawakening,452,"<a style=""text-align:left;text-decoration:underline;color:rgb(52, 52, 92);margin: 0px; "" target=""_blank""></a><input type=""checkbox"" name=""delete_464"" value="""" style=""text-align:left;float:left;display:none;margin: 1px 6px 0px 0px; ""><a href=""https://archive.is/o/0Army/https://8ch.net/greatawakening/res/452.html%23"" title=""Post menu"" style=""color:rgb(52, 52, 92);width:15px;text-align:center;font-size:10pt;opacity:0.8;text-decoration:none;display:inline-block;margin: -6px 0px 0px -5px; "" target=""_blank"">▶</a><label for=""delete_464"" style=""text-align:left;display:inline;""><span style=""text-align:left;color:rgb(17, 119, 67);font-weight:bold;"">Q
</span><span style=""text-align:left;color:rgb(34, 136, 84);"">!xowAT4Z3VQ</span>&nbsp;
<time title=""5 months ago"" style=""text-align:left;direction:ltr;unicode-bidi:embed;"">03/28/18 (Wed) 04:09:48</time></label>&nbsp;<a href=""https://archive.is/o/0Army/https://8ch.net/greatawakening/res/452.html%23464"" style=""text-align:left;text-decoration:none;color:inherit;margin: 0px; padding: 0px; "" target=""_blank"">No.</a><a href=""https://archive.is/o/0Army/https://8ch.net/greatawakening/res/452.html%23q464"" style=""text-align:left;text-decoration:none;color:inherit;margin: 0px; padding: 0px; "" target=""_blank"">464</a>","<div style=""text-align:left;display:block;line-height:1.16em;font-size:13px;min-height:1.16em;margin: 0px; ""></div>"
5,8chan,greatawakening,452,"<a style=""text-align:left;text-decoration:underline;color:rgb(52, 52, 92);margin: 0px; "" target=""_blank""></a><input type=""checkbox"" name=""delete_465"" value="""" style=""text-align:left;float:left;display:none;margin: 1px 6px 0px 0px; ""><a href=""https://archive.is/o/0Army/https://8ch.net/greatawakening/res/452.html%23"" title=""Post menu"" style=""color:rgb(52, 52, 92);width:15px;text-align:center;font-size:10pt;opacity:0.8;text-decoration:none;display:inline-block;margin: -6px 0px 0px -5px; "" target=""_blank"">▶</a><label for=""delete_465"" style=""text-align:left;display:inline;""><span style=""text-align:left;color:rgb(17, 119, 67);font-weight:bold;"">Q
</span><span style=""text-align:left;color:rgb(34, 136, 84);"">!xowAT4Z3VQ</span>&nbsp;
<time title=""5 months ago"" style=""text-align:left;direction:ltr;unicode-bidi:embed;"">03/28/18 (Wed) 04:32:40</time></label>&nbsp;<a href=""https://archive.is/o/0Army/https://8ch.net/greatawakening/res/452.html%23465"" style=""text-align:left;text-decoration:none;color:inherit;margin: 0px; padding: 0px; "" target=""_blank"">No.</a><a href=""https://archive.is/o/0Army/https://8ch.net/greatawakening/res/452.html%23q465"" style=""text-align:left;text-decoration:none;color:inherit;margin: 0px; padding: 0px; "" target=""_blank"">465</a>","<div style=""text-align:left;direction:ltr;display:block;line-height:1.16em;font-size:13px;min-height:1.16em;margin: 0px; "">What does the house cleaning represent?</div><div style=""text-align:left;direction:ltr;display:block;line-height:1.16em;font-size:13px;min-height:1.16em;margin: 0px; "">We always knew.</div><div style=""text-align:left;direction:ltr;display:block;line-height:1.16em;font-size:13px;min-height:1.16em;margin: 0px; "">Final stage.</div><div style=""text-align:left;direction:ltr;display:block;line-height:1.16em;font-size:13px;min-height:1.16em;margin: 0px; "">What does NK represent?</div><div style=""text-align:left;direction:ltr;display:block;line-height:1.16em;font-size:13px;min-height:1.16em;margin: 0px; "">Threat.</div><div style=""text-align:left;direction:ltr;display:block;line-height:1.16em;font-size:13px;min-height:1.16em;margin: 0px; "">Safeguard.</div><div style=""text-align:left;direction:ltr;display:block;line-height:1.16em;font-size:13px;min-height:1.16em;margin: 0px; "">Insurance.</div><div style=""text-align:left;direction:ltr;display:block;line-height:1.16em;font-size:13px;min-height:1.16em;margin: 0px; "">POOF!</div><div style=""text-align:left;direction:ltr;display:block;line-height:1.16em;font-size:13px;min-height:1.16em;margin: 0px; "">KIM TO CHINA REPRESENTS SOMETHING VITAL [KEY].</div><div style=""text-align:left;direction:ltr;display:block;line-height:1.16em;font-size:13px;min-height:1.16em;margin: 0px; "">Many will be buried before exposed [them/self].</div><div style=""text-align:left;direction:ltr;display:block;line-height:1.16em;font-size:13px;min-height:1.16em;margin: 0px; "">FF / DISTRACTIONS.</div><div style=""text-align:left;direction:ltr;display:block;line-height:1.16em;font-size:13px;min-height:1.16em;margin: 0px; "">Q</div>"
6,8chan,greatawakening,452,"<a style=""text-align:left;text-decoration:underline;color:rgb(52, 52, 92);margin: 0px; "" target=""_blank""></a><input type=""checkbox"" name=""delete_466"" value="""" style=""text-align:left;float:left;display:none;margin: 1px 6px 0px 0px; ""><a href=""https://archive.is/o/0Army/https://8ch.net/greatawakening/res/452.html%23"" title=""Post menu"" style=""color:rgb(52, 52, 92);width:15px;text-align:center;font-size:10pt;opacity:0.8;text-decoration:none;display:inline-block;margin: -6px 0px 0px -5px; "" target=""_blank"">▶</a><label for=""delete_466"" style=""text-align:left;display:inline;""><span style=""text-align:left;color:rgb(17, 119, 67);font-weight:bold;"">Q
</span><span style=""text-align:left;color:rgb(34, 136, 84);"">!xowAT4Z3VQ</span>&nbsp;
<time title=""5 months ago"" style=""text-align:left;direction:ltr;unicode-bidi:embed;"">03/28/18 (Wed) 04:35:38</time></label>&nbsp;<a href=""https://archive.is/o/0Army/https://8ch.net/greatawakening/res/452.html%23466"" style=""text-align:left;text-decoration:none;color:inherit;margin: 0px; padding: 0px; "" target=""_blank"">No.</a><a href=""https://archive.is/o/0Army/https://8ch.net/greatawakening/res/452.html%23q466"" style=""text-align:left;text-decoration:none;color:inherit;margin: 0px; padding: 0px; "" target=""_blank"">466</a>","<div style=""text-align:left;direction:ltr;display:block;line-height:1.16em;font-size:13px;min-height:1.16em;margin: 0px; "">Who else was at the meeting in China?</div><div style=""text-align:left;direction:ltr;display:block;line-height:1.16em;font-size:13px;min-height:1.16em;margin: 0px; "">LIVE from CHINA.</div><div style=""text-align:left;direction:ltr;display:block;line-height:1.16em;font-size:13px;min-height:1.16em;margin: 0px; "">Operation.</div><div style=""text-align:left;direction:ltr;display:block;line-height:1.16em;font-size:13px;min-height:1.16em;margin: 0px; "">Window.</div><div style=""text-align:left;direction:ltr;display:block;line-height:1.16em;font-size:13px;min-height:1.16em;margin: 0px; "">Clean.</div><div style=""text-align:left;direction:ltr;display:block;line-height:1.16em;font-size:13px;min-height:1.16em;margin: 0px; "">Purpose.</div><div style=""text-align:left;direction:ltr;display:block;line-height:1.16em;font-size:13px;min-height:1.16em;margin: 0px; "">Future proves past.</div><div style=""text-align:left;direction:ltr;display:block;line-height:1.16em;font-size:13px;min-height:1.16em;margin: 0px; "">Everything has meaning. </div><div style=""text-align:left;direction:ltr;display:block;line-height:1.16em;font-size:13px;min-height:1.16em;margin: 0px; "">Q</div>"
